"","x"
"1","ROCKi_Actin MYosin_Rep3_Cov_004.nd2_21"
"2","Rep2_ROCKi_MSN_Cov2_004.nd2_28"
"3","Cntr_ROCKi_Actin_Myosin_Cov1_001.nd2_19"
"4","ROCKi_Actin MYosin_Rep3_Cov_002.nd2_13"
"5","ROCKi_Actin_Myosin_Cov2_004.nd2_1"
"6","Rep2_ROCKi_Ezr_Cov1_007.nd2_41"
"7","Cntr_ROCKi_Actin MYosin_Rep3_Cov2_001.nd2_24"
"8","Cntr_ROCKi_Actin MYosin_Rep3_Cov1_003.nd2_12"
"9","Cntr_ROCKi_Actin MYosin_Rep3_Cov2_001.nd2_9"
"10","ROCKi_Actin_Myosin_Cov1_003.nd2_15"
"11","Cntr_ROCKi_Actin_Myosin_Cov1_002.nd2_9"
"12","ROCKi_Actin MYosin_Rep3_Cov2_001.nd2_20"
"13","Cntr_ROCKi_Actin MYosin_Rep3_Cov1_005.nd2_14"
"14","Rep1_Cntr_RDX_Cov1_005.nd2_37"
"15","Rep1_Cntr_Ezr_005.nd2_3"
"16","Rep1_Cntr_RDX_Cov2_004.nd2_36"
"17","ROCKi_Actin MYosin_Rep3_Cov_002.nd2_18"
"18","ROCKi_Actin MYosin_Rep3_Cov2_004.nd2_23"
"19","Rep3_ROCKi_RDX_Cov1_001.nd2_16"
"20","Cntr_ROCKi_Actin_Myosin_Cov1_002.nd2_1"
"21","Rep3_Cntr_MSN_Cov2_001.nd2_30"
"22","Cntr_ROCKi_Actin_Myosin_Cov1_005.nd2_29"
"23","Cntr_ROCKi_Actin_Myosin_Rep2_Cov2_005.nd2_28"
"24","Rep1_Rocki_Ezr_Cov1_001.nd2_27"
"25","Rep1_Cntr_MSN_Cov1_006.nd2_14"
"26","Rep2_ROCKi_Ezr_Cov2_003.nd2_2"
"27","ROCKi_Actin_Myosin_Rep2_Cov1_003.nd2_12"
"28","Cntr_ROCKi_Actin MYosin_Rep3_Cov2_002.nd2_25"
"29","Cntr_ROCKi_Actin_Myosin_Rep2_Cov1_005.nd2_23"
"30","Cntr_ROCKi_Actin_Myosin_Cov1_001.nd2_2"
"31","Rep2_Cntr_RDX_Cov2_001.nd2_10"
"32","ROCKi_Actin_Myosin_Rep2_Cov1_003.nd2_14"
"33","Rep2_ROCKi_Ezr_Cov1_001.nd2_22"
"34","ROCKi_Actin_Myosin_Cov2_005.nd2_12"
"35","ROCKi_Actin MYosin_Rep3_Cov_004.nd2_29"
"36","Cntr_ROCKi_Actin_Myosin_Cov2_003.nd2_20"
"37","ROCKi_Actin_Myosin_Rep2_Cov2_001.nd2_2"
"38","ROCKi_Actin_Myosin_Rep2_Cov1_003.nd2_1"
"39","Cntr_ROCKi_Actin_Myosin_Cov1_002.nd2_20"
"40","Cntr_ROCKi_Actin_Myosin_Cov1_005.nd2_3"
"41","Cntr_ROCKi_Actin MYosin_Rep3_Cov1_002.nd2_20"
"42","Cntr_ROCKi_Actin MYosin_Rep3_Cov2_004.nd2_50"
"43","Cntr_ROCKi_Actin MYosin_Rep3_Cov2_005.nd2_7"
"44","Rep1_ROCKi_RDX_Cov2_004.nd2_30"
"45","Cntr_ROCKi_Actin_Myosin_Rep2_Cov1_004.nd2_4"
"46","ROCKi_Actin MYosin_Rep3_Cov2_001.nd2_16"
"47","ROCKi_Actin_Myosin_Cov1_004.nd2_12"
"48","Cntr_ROCKi_Actin_Myosin_Rep2_Cov2_002.nd2_22"
"49","ROCKi_Actin MYosin_Rep3_Cov_004.nd2_31"
"50","ROCKi_Actin MYosin_Rep3_Cov2_005.nd2_18"
"51","ROCKi_Actin MYosin_Rep3_Cov_003.nd2_16"
"52","Cntr_ROCKi_Actin_Myosin_Rep2_Cov1_002.nd2_2"
"53","ROCKi_Actin_Myosin_Rep2_Cov2_005.nd2_3"
"54","Rep1_ROCKi_MSN_Cov2_005.nd2_18"
"55","ROCKi_Actin MYosin_Rep3_Cov2_003.nd2_2"
"56","Cntr_ROCKi_Actin_Myosin_Cov1_005.nd2_32"
"57","Cntr_ROCKi_Actin_Myosin_Cov1_002.nd2_3"
"58","Rep1_ROCKi_RDX_Cov1_002.nd2_17"
"59","Cntr_ROCKi_Actin_Myosin_Rep2_Cov1_005.nd2_8"
"60","Cntr_ROCKi_Actin MYosin_Rep3_Cov1_002.nd2_41"
"61","Rep1_Cntr_RDX_Cov2_001.nd2_30"
"62","Rep3_ROCKi_EZR_Cov1_001.nd2_19"
"63","Cntr_ROCKi_Actin_Myosin_Rep2_Cov2_003.nd2_10"
"64","Rep1_ROCKi_RDX_Cov2_009.nd2_14"
"65","Rep1_Cntr_RDX_Cov2_005.nd2_36"
"66","Rep1_ROCKi_RDX_Cov1_006.nd2_23"
"67","ROCKi_Actin_Myosin_Rep2_Cov2_005.nd2_13"
"68","Cntr_ROCKi_Actin MYosin_Rep3_Cov1_005.nd2_23"
"69","Rep2_Cnt_Ezr_Cov1_003.nd2_13"
"70","Rep3_Cntr_RDX_Cov2_004.nd2_28"
"71","Rep2_Cntr_RDX_Cov2_006.nd2_17"
"72","ROCKi_Actin_Myosin_Rep2_Cov1_005.nd2_42"
"73","ROCKi_Actin MYosin_Rep3_Cov_005.nd2_12"
"74","Rep1_Cntr_RDX_Cov1_004.nd2_39"
"75","Rep1_ROCKi_RDX_Cov1_006.nd2_24"
"76","Rep1_ROCKi_RDX_Cov2_005.nd2_28"
"77","Rep1_Cntr_Ezr_Cov2_003.nd2_11"
"78","Rep3_Cntr_EZR_Cov2_002.nd2_2"
"79","ROCKi_Actin_Myosin_Rep2_Cov2_001.nd2_7"
"80","Rep2_ROCKi_Ezr_Cov1_004.nd2_48"
"81","Rep3_ROCKi_MSN_Cov1_005.nd2_35"
"82","ROCKi_Actin_Myosin_Cov1_003.nd2_14"
"83","Cntr_ROCKi_Actin_Myosin_Rep2_Cov1_001.nd2_5"
"84","Rep1_Rocki_Ezr_Cov2_007.nd2_23"
"85","ROCKi_Actin_Myosin_Rep2_Cov1_003.nd2_7"
"86","ROCKi_Actin MYosin_Rep3_Cov_005.nd2_37"
"87","Rep1_Cntr_Ezr_Cov2_002.nd2_21"
"88","ROCKi_Actin MYosin_Rep3_Cov2_005.nd2_23"
"89","Cntr_ROCKi_Actin MYosin_Rep3_Cov1_002.nd2_16"
"90","ROCKi_Actin_Myosin_Cov1_003.nd2_26"
"91","Cntr_ROCKi_Actin_Myosin_Cov2_003.nd2_23"
"92","Cntr_ROCKi_Actin_Myosin_Cov1_005.nd2_14"
"93","ROCKi_Actin_Myosin_Cov1_004.nd2_5"
"94","Cntr_ROCKi_Actin_Myosin_Rep2_Cov2_003.nd2_41"
"95","ROCKi_Actin_Myosin_Rep2_Cov1_003.nd2_36"
"96","Rep1_Cntr_RDX_Cov2_008.nd2_32"
"97","ROCKi_Actin_Myosin_Cov2_004.nd2_9"
"98","Cntr_ROCKi_Actin MYosin_Rep3_Cov1_001.nd2_60"
"99","ROCKi_Actin_Myosin_Rep2_Cov2_006.nd2_12"
"100","Rep3_Cntr_RDX_Cov2_001.nd2_26"
"101","Cntr_ROCKi_Actin MYosin_Rep3_Cov2_001.nd2_34"
"102","Rep1_ROCKi_MSN_Cov2_006.nd2_29"
"103","Rep2_ROCKi_Ezr_Cov1_002.nd2_23"
"104","ROCKi_Actin_Myosin_Rep2_Cov2_006.nd2_13"
"105","Cntr_ROCKi_Actin_Myosin_Rep2_Cov1_003.nd2_29"
"106","Cntr_ROCKi_Actin MYosin_Rep3_Cov1_005.nd2_3"
"107","Rep2_ROCKi_Ezr_Cov1_003.nd2_21"
"108","Cntr_ROCKi_Actin_Myosin_Rep2_Cov1_005.nd2_20"
"109","ROCKi_Actin_Myosin_Rep2_Cov1_002.nd2_9"
"110","ROCKi_Actin_Myosin_Cov1_004.nd2_21"
"111","ROCKi_Actin MYosin_Rep3_Cov2_003.nd2_5"
"112","Cntr_ROCKi_Actin MYosin_Rep3_Cov2_001.nd2_37"
"113","Rep3_Cntr_EZR_Cov1_002.nd2_45"
"114","Rep3_Cntr_EZR_Cov1_004.nd2_58"
"115","Cntr_ROCKi_Actin_Myosin_Rep2_Cov2_001.nd2_5"
"116","Cntr_ROCKi_Actin_Myosin_Rep2_Cov2_001.nd2_11"
"117","Cntr_ROCKi_Actin_Myosin_Rep2_Cov1_001.nd2_22"
"118","Cntr_ROCKi_Actin_Myosin_Cov2_002.nd2_1"
"119","ROCKi_Actin_Myosin_Rep2_Cov1_001.nd2_28"
"120","Rep1_Rocki_Ezr_Cov2_005.nd2_9"
"121","ROCKi_Actin_Myosin_Cov1_004.nd2_9"
"122","Rep3_ROCKi_EZR_Cov2_002.nd2_22"
"123","Rep1_ROCKi_RDX_Cov1_002.nd2_16"
"124","Rep2_Cnt_Ezr_Cov2_003.nd2_1"
"125","Cntr_ROCKi_Actin_Myosin_Cov2_002.nd2_6"
"126","Cntr_ROCKi_Actin_Myosin_Rep2_Cov1_005.nd2_22"
"127","ROCKi_Actin_Myosin_Rep2_Cov2_004.nd2_16"
"128","Rep3_ROCKi_MSN_Cov1_003.nd2_29"
"129","Rep3_ROCKi_EZR_Cov2_003.nd2_33"
"130","Cntr_ROCKi_Actin_Myosin_Rep2_Cov2_004.nd2_21"
"131","Cntr_ROCKi_Actin_Myosin_Rep2_Cov2_002.nd2_18"
"132","Cntr_ROCKi_Actin_Myosin_Rep2_Cov1_002.nd2_26"
"133","Rep2_Cntr_MSN_Cov2_001.nd2_37"
"134","Cntr_ROCKi_Actin_Myosin_Rep2_Cov2_004.nd2_4"
"135","Rep3_Cntr_MSN_Cov2_003.nd2_49"
"136","Cntr_ROCKi_Actin_Myosin_Rep2_Cov2_004.nd2_29"
"137","Rep3_Cntr_MSN_Cov1_002.nd2_8"
"138","Rep1_Cntr_Ezr_006.nd2_29"
"139","ROCKi_Actin MYosin_Rep3_Cov_001.nd2_22"
"140","Cntr_ROCKi_Actin_Myosin_Rep2_Cov2_001.nd2_20"
"141","ROCKi_Actin_Myosin_Cov1_004.nd2_26"
"142","ROCKi_Actin_Myosin_Cov1_002.nd2_42"
"143","Rep1_Cntr_RDX_Cov2_004.nd2_19"
"144","Cntr_ROCKi_Actin_Myosin_Rep2_Cov2_002.nd2_9"
"145","Rep2_ROCKi_Ezr_Cov1_002.nd2_13"
"146","ROCKi_Actin MYosin_Rep3_Cov_001.nd2_18"
"147","Cntr_ROCKi_Actin_Myosin_Cov1_001.nd2_8"
"148","Rep1_Cntr_RDX_Cov2_001.nd2_17"
"149","Cntr_ROCKi_Actin_Myosin_Cov1_003.nd2_20"
"150","Cntr_ROCKi_Actin_Myosin_Cov2_002.nd2_37"
"151","Rep1_Cntr_RDX_Cov2_008.nd2_31"
"152","Rep1_Cntr_Ezr_Cov2_002.nd2_53"
"153","Rep1_Cntr_Ezr_006.nd2_6"
"154","Rep3_Cntr_RDX_Cov2_001.nd2_13"
"155","Cntr_ROCKi_Actin_Myosin_Cov1_002.nd2_37"
"156","ROCKi_Actin MYosin_Rep3_Cov_005.nd2_32"
"157","Rep1_Cntr_MSN_Cov2_007.nd2_12"
"158","Rep2_ROCKi_Ezr_Cov2_006.nd2_40"
"159","ROCKi_Actin_Myosin_Rep2_Cov2_006.nd2_27"
"160","Rep1_Cntr_RDX_Cov1_007.nd2_19"
"161","Cntr_ROCKi_Actin_Myosin_Cov1_003.nd2_16"
"162","Cntr_ROCKi_Actin_Myosin_Rep2_Cov2_001.nd2_16"
"163","Rep1_ROCKi_RDX_Cov1_006.nd2_43"
"164","Cntr_ROCKi_Actin MYosin_Rep3_Cov2_004.nd2_5"
"165","ROCKi_Actin_Myosin_Rep2_Cov2_001.nd2_2"
"166","ROCKi_Actin_Myosin_Rep2_Cov2_001.nd2_25"
"167","Cntr_ROCKi_Actin_Myosin_Rep2_Cov2_001.nd2_6"
"168","ROCKi_Actin_Myosin_Rep2_Cov2_003.nd2_22"
"169","Rep1_Cntr_Ezr_Cov2_006.nd2_43"
"170","Rep1_ROCKi_MSN_Cov2_008.nd2_24"
"171","ROCKi_Actin_Myosin_Rep2_Cov1_003.nd2_19"
"172","Rep2_ROCKi_Ezr_Cov2_002.nd2_29"
"173","ROCKi_Actin_Myosin_Rep2_Cov2_003.nd2_9"
"174","ROCKi_Actin_Myosin_Cov2_002.nd2_29"
"175","Rep3_ROCKi_EZR_Cov2_004.nd2_18"
"176","ROCKi_Actin MYosin_Rep3_Cov2_004.nd2_18"
"177","Cntr_ROCKi_Actin MYosin_Rep3_Cov2_002.nd2_22"
"178","Cntr_ROCKi_Actin_Myosin_Cov1_004.nd2_32"
"179","Rep1_ROCKi_RDX_Cov2_003.nd2_41"
"180","ROCKi_Actin_Myosin_Cov1_001.nd2_1"
"181","Cntr_ROCKi_Actin MYosin_Rep3_Cov2_004.nd2_49"
"182","ROCKi_Actin_Myosin_Rep2_Cov1_001.nd2_1"
"183","Rep3_ROCKi_MSN_Cov2_002.nd2_9"
"184","Rep1_Cntr_MSN_Cov2_006.nd2_33"
"185","ROCKi_Actin_Myosin_Rep2_Cov2_001.nd2_3"
"186","ROCKi_Actin MYosin_Rep3_Cov2_004.nd2_5"
"187","Rep2_ROCKi_MSN_Cov2_003.nd2_35"
"188","Rep3_ROCKi_MSN_Cov2_003.nd2_20"
"189","ROCKi_Actin MYosin_Rep3_Cov_002.nd2_16"
"190","Rep3_Cntr_RDX_Cov2_003.nd2_17"
"191","ROCKi_Actin_Myosin_Cov2_002.nd2_2"
"192","Cntr_ROCKi_Actin MYosin_Rep3_Cov2_005.nd2_1"
"193","Cntr_ROCKi_Actin MYosin_Rep3_Cov1_001.nd2_18"
"194","Rep3_ROCKi_EZR_Cov1_006.nd2_30"
"195","Rep1_ROCKi_RDX_Cov2_005.nd2_35"
"196","Rep3_Cntr_MSN_Cov1_004.nd2_9"
"197","Rep1_ROCKi_MSN_Cov2_009.nd2_31"
"198","ROCKi_Actin_Myosin_Rep2_Cov2_001.nd2_25"
"199","Cntr_ROCKi_Actin_Myosin_Cov1_001.nd2_18"
"200","ROCKi_Actin_Myosin_Cov1_004.nd2_23"
"201","ROCKi_Actin MYosin_Rep3_Cov2_006.nd2_10"
"202","Rep2_Cntr_RDX_Cov1_001.nd2_40"
"203","Rep2_Cnt_Ezr_Cov1_003.nd2_9"
"204","Rep1_Cntr_MSN_Cov2_006.nd2_34"
"205","Cntr_ROCKi_Actin MYosin_Rep3_Cov2_001.nd2_41"
"206","Cntr_ROCKi_Actin MYosin_Rep3_Cov2_001.nd2_40"
"207","ROCKi_Actin_Myosin_Cov1_001.nd2_24"
"208","ROCKi_Actin_Myosin_Rep2_Cov1_005.nd2_37"
"209","ROCKi_Actin_Myosin_Cov2_004.nd2_12"
"210","Cntr_ROCKi_Actin_Myosin_Cov1_002.nd2_18"
"211","ROCKi_Actin_Myosin_Cov1_006.nd2_2"
"212","Rep1_ROCKi_MSN_Cov2_007.nd2_40"
"213","Rep2_Cnt_Ezr_Cov2_005.nd2_26"
"214","Rep1_Cntr_Ezr_Cov2_001.nd2_48"
"215","Rep3_Cntr_RDX_Cov2_001.nd2_31"
"216","Cntr_ROCKi_Actin_Myosin_Rep2_Cov2_004.nd2_11"
"217","Rep1_Rocki_Ezr_Cov1_007.nd2_39"
"218","Rep3_Cntr_RDX_Cov1_003.nd2_26"
"219","Cntr_ROCKi_Actin_Myosin_Rep2_Cov2_002.nd2_39"
"220","Rep1_Cntr_Ezr_007.nd2_18"
"221","Cntr_ROCKi_Actin_Myosin_Rep2_Cov2_004.nd2_34"
"222","Rep3_Cntr_EZR_Cov1_004.nd2_32"
"223","Cntr_ROCKi_Actin MYosin_Rep3_Cov1_002.nd2_17"
"224","Rep2_ROCKi_MSN_Cov1_007.nd2_29"
"225","ROCKi_Actin_Myosin_Cov1_001.nd2_9"
"226","Rep1_ROCKi_MSN_Cov2_007.nd2_1"
"227","Cntr_ROCKi_Actin_Myosin_Cov2_002.nd2_18"
"228","Rep1_Cntr_MSN_Cov1_002.nd2_34"
"229","Rep1_ROCKi_RDX_Cov1_004.nd2_1"
"230","ROCKi_Actin MYosin_Rep3_Cov_001.nd2_25"
"231","ROCKi_Actin_Myosin_Rep2_Cov2_005.nd2_16"
"232","ROCKi_Actin_Myosin_Cov1_002.nd2_4"
"233","ROCKi_Actin_Myosin_Cov1_003.nd2_6"
"234","Cntr_ROCKi_Actin MYosin_Rep3_Cov2_005.nd2_2"
"235","ROCKi_Actin MYosin_Rep3_Cov_003.nd2_25"
"236","ROCKi_Actin MYosin_Rep3_Cov_005.nd2_39"
"237","ROCKi_Actin_Myosin_Cov2_001.nd2_26"
"238","ROCKi_Actin_Myosin_Cov1_002.nd2_21"
"239","Rep1_Cntr_RDX_Cov2_002.nd2_31"
"240","ROCKi_Actin_Myosin_Rep2_Cov2_001.nd2_23"
"241","Cntr_ROCKi_Actin MYosin_Rep3_Cov1_005.nd2_26"
"242","ROCKi_Actin_Myosin_Cov1_004.nd2_24"
"243","ROCKi_Actin MYosin_Rep3_Cov_005.nd2_23"
"244","Cntr_ROCKi_Actin_Myosin_Rep2_Cov2_002.nd2_38"
"245","Rep2_ROCKi_RDX_Cov1_002.nd2_17"
"246","Rep2_ROCKi_Ezr_Cov1_004.nd2_29"
"247","Cntr_ROCKi_Actin_Myosin_Rep2_Cov2_005.nd2_17"
"248","Rep1_Cntr_RDX_Cov1_005.nd2_5"
"249","Rep1_ROCKi_MSN_Cov2_003.nd2_9"
"250","ROCKi_Actin_Myosin_Rep2_Cov1_003.nd2_6"
"251","Rep1_ROCKi_RDX_Cov1_006.nd2_38"
"252","Rep3_ROCKi_MSN_Cov2_002.nd2_36"
"253","Rep2_Cntr_RDX_Cov2_001.nd2_4"
"254","Cntr_ROCKi_Actin MYosin_Rep3_Cov2_002.nd2_14"
"255","ROCKi_Actin MYosin_Rep3_Cov_003.nd2_24"
"256","Cntr_ROCKi_Actin_Myosin_Cov2_001.nd2_3"
"257","Rep2_Cntr_MSN_Cov2_005.nd2_27"
"258","ROCKi_Actin_Myosin_Cov2_001.nd2_21"
"259","ROCKi_Actin_Myosin_Rep2_Cov1_002.nd2_44"
"260","ROCKi_Actin MYosin_Rep3_Cov_001.nd2_2"
"261","Cntr_ROCKi_Actin_Myosin_Rep2_Cov2_003.nd2_42"
"262","Cntr_ROCKi_Actin MYosin_Rep3_Cov1_002.nd2_26"
"263","Cntr_ROCKi_Actin_Myosin_Rep2_Cov1_005.nd2_11"
"264","ROCKi_Actin MYosin_Rep3_Cov_004.nd2_2"
"265","Cntr_ROCKi_Actin_Myosin_Rep2_Cov2_001.nd2_17"
"266","Cntr_ROCKi_Actin_Myosin_Rep2_Cov1_001.nd2_29"
"267","Rep1_ROCKi_MSN_Cov1_004.nd2_22"
"268","Cntr_ROCKi_Actin_Myosin_Cov2_005.nd2_32"
"269","Rep2_Cnt_Ezr_Cov1_007.nd2_20"
"270","Rep3_ROCKi_EZR_Cov1_005.nd2_18"
"271","Cntr_ROCKi_Actin_Myosin_Rep2_Cov1_002.nd2_12"
"272","Cntr_ROCKi_Actin MYosin_Rep3_Cov2_003.nd2_23"
"273","Rep1_ROCKi_MSN_Cov1_003.nd2_17"
"274","Cntr_ROCKi_Actin MYosin_Rep3_Cov1_005.nd2_7"
"275","Cntr_ROCKi_Actin MYosin_Rep3_Cov2_004.nd2_54"
"276","Cntr_ROCKi_Actin_Myosin_Cov1_001.nd2_32"
"277","Cntr_ROCKi_Actin_Myosin_Rep2_Cov2_002.nd2_29"
"278","Rep2_Cntr_MSN_Cov2_003.nd2_23"
"279","Cntr_ROCKi_Actin MYosin_Rep3_Cov2_003.nd2_16"
"280","Cntr_ROCKi_Actin_Myosin_Rep2_Cov1_004.nd2_36"
"281","Rep3_ROCKi_EZR_Cov1_001.nd2_7"
"282","Cntr_ROCKi_Actin_Myosin_Cov1_003.nd2_6"
"283","Rep1_Cntr_RDX_Cov2_006.nd2_11"
"284","Rep1_Cntr_Ezr_Cov2_001.nd2_30"
"285","ROCKi_Actin_Myosin_Cov2_004.nd2_3"
"286","Rep2_ROCKi_MSN_Cov2_005.nd2_12"
"287","ROCKi_Actin_Myosin_Rep2_Cov1_001.nd2_34"
"288","Rep2_Cntr_RDX_Cov1_002.nd2_28"
"289","Rep1_Cntr_MSN_Cov1_007.nd2_30"
"290","Cntr_ROCKi_Actin MYosin_Rep3_Cov1_004.nd2_20"
"291","Cntr_ROCKi_Actin_Myosin_Rep2_Cov1_001.nd2_16"
"292","Cntr_ROCKi_Actin MYosin_Rep3_Cov1_004.nd2_13"
"293","Cntr_ROCKi_Actin_Myosin_Cov2_002.nd2_33"
"294","Rep3_Cntr_RDX_Cov1_001.nd2_7"
"295","Cntr_ROCKi_Actin MYosin_Rep3_Cov1_002.nd2_3"
"296","ROCKi_Actin_Myosin_Rep2_Cov2_005.nd2_2"
"297","Cntr_ROCKi_Actin_Myosin_Rep2_Cov2_002.nd2_20"
"298","Rep1_Cntr_RDX_Cov2_006.nd2_37"
"299","Cntr_ROCKi_Actin_Myosin_Rep2_Cov1_002.nd2_45"
"300","Cntr_ROCKi_Actin_Myosin_Rep2_Cov1_003.nd2_6"
"301","Cntr_ROCKi_Actin_Myosin_Cov1_001.nd2_13"
"302","ROCKi_Actin_Myosin_Cov2_002.nd2_4"
"303","Rep1_ROCKi_RDX_Cov1_008.nd2_28"
"304","Cntr_ROCKi_Actin_Myosin_Cov2_003.nd2_10"
"305","Cntr_ROCKi_Actin_Myosin_Rep2_Cov1_001.nd2_6"
"306","Rep2_Cntr_MSN_Cov2_003.nd2_36"
"307","ROCKi_Actin_Myosin_Rep2_Cov1_002.nd2_41"
"308","Cntr_ROCKi_Actin_Myosin_Rep2_Cov1_001.nd2_26"
"309","Rep1_Cntr_Ezr_007.nd2_31"
"310","Cntr_ROCKi_Actin_Myosin_Cov2_001.nd2_7"
"311","Rep1_ROCKi_RDX_Cov1_005.nd2_15"
"312","Cntr_ROCKi_Actin_Myosin_Rep2_Cov1_004.nd2_8"
"313","Cntr_ROCKi_Actin MYosin_Rep3_Cov1_002.nd2_25"
"314","Cntr_ROCKi_Actin MYosin_Rep3_Cov2_004.nd2_29"
"315","Cntr_ROCKi_Actin_Myosin_Cov2_003.nd2_12"
"316","ROCKi_Actin_Myosin_Cov1_001.nd2_30"
"317","ROCKi_Actin MYosin_Rep3_Cov_002.nd2_12"
"318","ROCKi_Actin_Myosin_Cov1_002.nd2_26"
"319","Rep1_Cntr_Ezr_Cov2_002.nd2_11"
"320","Rep3_ROCKi_RDX_Cov2_004.nd2_19"
"321","Rep1_Cntr_Ezr_002.nd2_33"
"322","Rep2_Cntr_RDX_Cov2_004.nd2_21"
"323","Rep1_Cntr_Ezr_Cov2_008.nd2_19"
"324","ROCKi_Actin MYosin_Rep3_Cov_003.nd2_26"
"325","ROCKi_Actin MYosin_Rep3_Cov2_002.nd2_16"
"326","Rep1_Rocki_Ezr_Cov1_006.nd2_1"
"327","ROCKi_Actin_Myosin_Cov1_004.nd2_15"
"328","ROCKi_Actin_Myosin_Cov1_001.nd2_29"
"329","Rep1_Cntr_MSN_Cov2_004.nd2_8"
"330","Cntr_ROCKi_Actin_Myosin_Rep2_Cov2_002.nd2_35"
"331","ROCKi_Actin_Myosin_Rep2_Cov1_005.nd2_39"
"332","Cntr_ROCKi_Actin MYosin_Rep3_Cov2_002.nd2_40"
"333","Rep1_Cntr_MSN_Cov2_006.nd2_31"
"334","Rep1_Cntr_RDX_Cov1_003.nd2_30"
"335","Rep1_Cntr_Ezr_Cov2_005.nd2_37"
"336","Cntr_ROCKi_Actin MYosin_Rep3_Cov1_003.nd2_17"
"337","ROCKi_Actin MYosin_Rep3_Cov2_002.nd2_13"
"338","Cntr_ROCKi_Actin_Myosin_Cov2_002.nd2_42"
"339","Cntr_ROCKi_Actin_Myosin_Cov1_003.nd2_19"
"340","ROCKi_Actin_Myosin_Cov1_004.nd2_19"
"341","Cntr_ROCKi_Actin MYosin_Rep3_Cov2_002.nd2_13"
"342","Cntr_ROCKi_Actin_Myosin_Rep2_Cov1_001.nd2_39"
"343","Rep2_Cnt_Ezr_Cov1_005.nd2_46"
"344","Rep2_ROCKi_RDX_Cov2_004.nd2_16"
"345","Rep1_Cntr_RDX_Cov1_003.nd2_22"
"346","Cntr_ROCKi_Actin MYosin_Rep3_Cov1_001.nd2_42"
"347","Rep2_Cnt_Ezr_Cov1_007.nd2_10"
"348","Rep2_Cnt_Ezr_Cov1_002.nd2_47"
"349","ROCKi_Actin_Myosin_Rep2_Cov1_004.nd2_21"
"350","Cntr_ROCKi_Actin_Myosin_Cov1_004.nd2_4"
"351","ROCKi_Actin MYosin_Rep3_Cov_005.nd2_16"
"352","Rep3_Cntr_MSN_Cov2_005.nd2_52"
"353","Rep2_ROCKi_MSN_Cov1_008.nd2_31"
"354","Rep3_Cntr_EZR_Cov1_006.nd2_37"
"355","Rep1_Rocki_Ezr_Cov2_003.nd2_4"
"356","ROCKi_Actin_Myosin_Cov1_003.nd2_11"
"357","ROCKi_Actin_Myosin_Cov1_004.nd2_11"
"358","Rep3_Cntr_EZR_Cov1_002.nd2_28"
"359","Cntr_ROCKi_Actin MYosin_Rep3_Cov2_004.nd2_12"
"360","Cntr_ROCKi_Actin_Myosin_Rep2_Cov1_005.nd2_2"
"361","Cntr_ROCKi_Actin_Myosin_Cov2_004.nd2_29"
"362","Rep1_Rocki_Ezr_Cov1_005.nd2_9"
"363","Rep1_Cntr_RDX_Cov1_003.nd2_26"
"364","Rep2_Cnt_MSN_Cov1_007.nd2_33"
"365","Rep2_ROCKi_RDX_Cov1_002.nd2_28"
"366","ROCKi_Actin_Myosin_Rep2_Cov1_004.nd2_14"
"367","Cntr_ROCKi_Actin_Myosin_Rep2_Cov2_002.nd2_45"
"368","Rep1_Cntr_RDX_Cov1_008.nd2_24"
"369","Cntr_ROCKi_Actin_Myosin_Rep2_Cov2_005.nd2_24"
"370","Cntr_ROCKi_Actin_Myosin_Cov2_002.nd2_43"
"371","Rep3_ROCKi_RDX_Cov2_001.nd2_14"
"372","Rep3_ROCKi_MSN_Cov1_001.nd2_39"
"373","Cntr_ROCKi_Actin_Myosin_Rep2_Cov1_002.nd2_43"
"374","ROCKi_Actin_Myosin_Rep2_Cov2_001.nd2_29"
"375","ROCKi_Actin_Myosin_Cov1_006.nd2_24"
"376","ROCKi_Actin_Myosin_Cov1_001.nd2_22"
"377","Rep1_ROCKi_MSN_Cov2_001.nd2_28"
"378","Rep3_Cntr_MSN_Cov2_004.nd2_5"
"379","Cntr_ROCKi_Actin_Myosin_Rep2_Cov1_001.nd2_2"
"380","Cntr_ROCKi_Actin_Myosin_Rep2_Cov2_001.nd2_28"
"381","ROCKi_Actin MYosin_Rep3_Cov_004.nd2_18"
"382","ROCKi_Actin_Myosin_Rep2_Cov1_005.nd2_19"
"383","ROCKi_Actin_Myosin_Cov1_006.nd2_5"
"384","Rep3_ROCKi_MSN_Cov2_004.nd2_41"
"385","ROCKi_Actin_Myosin_Rep2_Cov1_005.nd2_39"
"386","Rep2_Cnt_MSN_Cov1_005.nd2_43"
"387","Rep2_Cnt_Ezr_Cov1_007.nd2_5"
"388","ROCKi_Actin MYosin_Rep3_Cov_005.nd2_17"
"389","Rep3_ROCKi_EZR_Cov2_003.nd2_21"
"390","Rep1_Cntr_RDX_Cov2_002.nd2_25"
"391","ROCKi_Actin_Myosin_Cov1_004.nd2_29"
"392","ROCKi_Actin MYosin_Rep3_Cov_002.nd2_1"
"393","ROCKi_Actin MYosin_Rep3_Cov_001.nd2_31"
"394","Cntr_ROCKi_Actin_Myosin_Cov2_004.nd2_9"
"395","Cntr_ROCKi_Actin MYosin_Rep3_Cov2_002.nd2_34"
"396","Cntr_ROCKi_Actin MYosin_Rep3_Cov1_003.nd2_6"
"397","ROCKi_Actin_Myosin_Rep2_Cov2_006.nd2_3"
"398","ROCKi_Actin_Myosin_Cov2_001.nd2_15"
"399","ROCKi_Actin MYosin_Rep3_Cov2_002.nd2_6"
"400","Rep1_Cntr_Ezr_004.nd2_32"
"401","Rep1_ROCKi_RDX_Cov2_005.nd2_3"
"402","Rep3_ROCKi_MSN_Cov2_004.nd2_39"
"403","Rep2_Cntr_RDX_Cov1_001.nd2_30"
"404","ROCKi_Actin MYosin_Rep3_Cov_005.nd2_1"
"405","ROCKi_Actin MYosin_Rep3_Cov_001.nd2_17"
"406","ROCKi_Actin_Myosin_Rep2_Cov2_002.nd2_8"
"407","Rep3_ROCKi_MSN_Cov1_003.nd2_4"
"408","Rep3_ROCKi_MSN_Cov1_003.nd2_40"
"409","Rep2_ROCKi_MSN_Cov2_001.nd2_29"
"410","Rep2_Cntr_RDX_Cov1_005.nd2_41"
"411","Rep3_ROCKi_RDX_Cov1_003.nd2_12"
"412","Cntr_ROCKi_Actin MYosin_Rep3_Cov1_002.nd2_57"
"413","Cntr_ROCKi_Actin MYosin_Rep3_Cov2_001.nd2_15"
"414","ROCKi_Actin_Myosin_Rep2_Cov2_006.nd2_17"
"415","Rep2_ROCKi_MSN_Cov2_003.nd2_32"
"416","Rep1_Rocki_Ezr_Cov2_005.nd2_9"
"417","Cntr_ROCKi_Actin_Myosin_Rep2_Cov1_002.nd2_11"
"418","Rep1_ROCKi_MSN_Cov2_003.nd2_8"
"419","Cntr_ROCKi_Actin MYosin_Rep3_Cov2_001.nd2_5"
"420","Cntr_ROCKi_Actin MYosin_Rep3_Cov1_005.nd2_1"
"421","ROCKi_Actin_Myosin_Rep2_Cov1_004.nd2_31"
"422","ROCKi_Actin_Myosin_Cov1_005.nd2_25"
"423","Rep1_Cntr_RDX_Cov2_005.nd2_37"
"424","ROCKi_Actin MYosin_Rep3_Cov_004.nd2_10"
"425","Cntr_ROCKi_Actin_Myosin_Cov1_004.nd2_8"
"426","Rep1_ROCKi_RDX_Cov1_002.nd2_6"
"427","Cntr_ROCKi_Actin_Myosin_Cov1_004.nd2_13"
"428","Rep2_Cnt_Ezr_Cov1_003.nd2_36"
"429","Rep1_Cntr_MSN_Cov1_002.nd2_11"
"430","Rep3_Cntr_EZR_Cov2_002.nd2_1"
"431","Cntr_ROCKi_Actin_Myosin_Cov1_001.nd2_29"
"432","ROCKi_Actin MYosin_Rep3_Cov2_001.nd2_2"
"433","Cntr_ROCKi_Actin_Myosin_Cov2_001.nd2_22"
"434","ROCKi_Actin_Myosin_Cov2_005.nd2_9"
"435","Rep2_ROCKi_MSN_Cov2_005.nd2_6"
"436","Cntr_ROCKi_Actin MYosin_Rep3_Cov2_003.nd2_48"
"437","Rep2_Cnt_MSN_Cov1_006.nd2_5"
"438","Cntr_ROCKi_Actin MYosin_Rep3_Cov2_005.nd2_36"
"439","Rep3_ROCKi_RDX_Cov2_001.nd2_15"
"440","Rep2_ROCKi_RDX_Cov1_004.nd2_17"
"441","ROCKi_Actin_Myosin_Cov1_003.nd2_24"
"442","Cntr_ROCKi_Actin MYosin_Rep3_Cov1_003.nd2_14"
"443","Cntr_ROCKi_Actin MYosin_Rep3_Cov1_001.nd2_5"
"444","Cntr_ROCKi_Actin MYosin_Rep3_Cov2_003.nd2_43"
"445","Rep2_ROCKi_MSN_Cov1_007.nd2_25"
"446","Cntr_ROCKi_Actin_Myosin_Rep2_Cov2_003.nd2_16"
"447","Cntr_ROCKi_Actin MYosin_Rep3_Cov2_002.nd2_32"
"448","ROCKi_Actin_Myosin_Rep2_Cov2_004.nd2_21"
"449","Cntr_ROCKi_Actin_Myosin_Rep2_Cov1_003.nd2_14"
"450","Rep3_ROCKi_EZR_Cov1_001.nd2_6"
"451","Cntr_ROCKi_Actin MYosin_Rep3_Cov2_002.nd2_25"
"452","Cntr_ROCKi_Actin_Myosin_Rep2_Cov1_001.nd2_37"
"453","Rep1_Cntr_MSN_Cov1_007.nd2_41"
"454","Cntr_ROCKi_Actin_Myosin_Cov1_003.nd2_1"
"455","Cntr_ROCKi_Actin_Myosin_Rep2_Cov2_002.nd2_40"
"456","ROCKi_Actin_Myosin_Cov1_003.nd2_37"
"457","Cntr_ROCKi_Actin MYosin_Rep3_Cov2_004.nd2_30"
"458","Cntr_ROCKi_Actin_Myosin_Rep2_Cov1_003.nd2_25"
"459","ROCKi_Actin_Myosin_Cov2_004.nd2_2"
"460","ROCKi_Actin_Myosin_Cov1_002.nd2_39"
"461","Rep1_Cntr_RDX_Cov2_008.nd2_33"
"462","Cntr_ROCKi_Actin_Myosin_Cov2_002.nd2_9"
"463","Rep1_Cntr_RDX_Cov2_006.nd2_4"
"464","Cntr_ROCKi_Actin_Myosin_Rep2_Cov2_004.nd2_6"
"465","Cntr_ROCKi_Actin_Myosin_Rep2_Cov2_004.nd2_23"
"466","Cntr_ROCKi_Actin_Myosin_Cov2_004.nd2_36"
"467","Rep3_ROCKi_EZR_Cov1_001.nd2_15"
"468","Rep1_ROCKi_MSN_Cov2_009.nd2_5"
"469","ROCKi_Actin_Myosin_Cov2_003.nd2_11"
"470","ROCKi_Actin_Myosin_Rep2_Cov2_005.nd2_19"
"471","Cntr_ROCKi_Actin_Myosin_Cov2_005.nd2_30"
"472","ROCKi_Actin_Myosin_Cov2_005.nd2_14"
"473","Cntr_ROCKi_Actin MYosin_Rep3_Cov2_001.nd2_24"
"474","Rep3_ROCKi_RDX_Cov1_002.nd2_28"
"475","Rep3_Cntr_MSN_Cov1_002.nd2_53"
"476","ROCKi_Actin_Myosin_Cov2_001.nd2_2"
"477","ROCKi_Actin_Myosin_Cov1_003.nd2_10"
"478","ROCKi_Actin MYosin_Rep3_Cov_004.nd2_30"
"479","Rep1_Rocki_Ezr_Cov1_007.nd2_24"
"480","Rep2_ROCKi_MSN_Cov2_001.nd2_12"
"481","Rep3_Cntr_MSN_Cov1_004.nd2_21"
"482","Rep1_ROCKi_RDX_Cov1_002.nd2_26"
"483","ROCKi_Actin_Myosin_Cov1_005.nd2_37"
"484","Rep2_ROCKi_Ezr_Cov2_001.nd2_25"
"485","ROCKi_Actin_Myosin_Cov2_004.nd2_23"
"486","ROCKi_Actin_Myosin_Rep2_Cov1_003.nd2_18"
"487","Rep1_Rocki_Ezr_Cov2_004.nd2_13"
"488","Rep1_ROCKi_MSN_Cov1_002.nd2_5"
"489","Rep1_Cntr_Ezr_005.nd2_41"
"490","Rep1_Cntr_RDX_Cov2_002.nd2_14"
"491","ROCKi_Actin_Myosin_Cov1_004.nd2_7"
"492","ROCKi_Actin_Myosin_Rep2_Cov1_005.nd2_3"
"493","ROCKi_Actin_Myosin_Rep2_Cov1_001.nd2_26"
"494","ROCKi_Actin_Myosin_Rep2_Cov2_001.nd2_2"
"495","ROCKi_Actin_Myosin_Cov2_004.nd2_5"
"496","ROCKi_Actin MYosin_Rep3_Cov2_004.nd2_16"
"497","Rep3_Cntr_RDX_Cov1_002.nd2_22"
"498","Cntr_ROCKi_Actin MYosin_Rep3_Cov2_004.nd2_19"
"499","ROCKi_Actin MYosin_Rep3_Cov2_002.nd2_2"
"500","Cntr_ROCKi_Actin_Myosin_Rep2_Cov1_001.nd2_36"
"501","Rep2_Cnt_Ezr_Cov2_002.nd2_37"
"502","ROCKi_Actin_Myosin_Cov1_005.nd2_30"
"503","Rep1_Cntr_RDX_Cov1_004.nd2_26"
"504","Cntr_ROCKi_Actin_Myosin_Rep2_Cov2_003.nd2_1"
"505","Cntr_ROCKi_Actin MYosin_Rep3_Cov2_004.nd2_44"
"506","ROCKi_Actin MYosin_Rep3_Cov2_005.nd2_22"
"507","Cntr_ROCKi_Actin_Myosin_Rep2_Cov2_004.nd2_8"
"508","Rep1_ROCKi_MSN_Cov2_006.nd2_11"
"509","Rep1_ROCKi_MSN_Cov1_004.nd2_18"
"510","Rep2_Cntr_RDX_Cov2_005.nd2_10"
"511","Rep3_Cntr_MSN_Cov1_002.nd2_45"
"512","Rep2_ROCKi_MSN_Cov2_006.nd2_19"
"513","Cntr_ROCKi_Actin_Myosin_Rep2_Cov1_001.nd2_18"
"514","ROCKi_Actin_Myosin_Cov1_002.nd2_3"
"515","Rep3_Cntr_RDX_Cov1_004.nd2_8"
"516","Cntr_ROCKi_Actin MYosin_Rep3_Cov1_001.nd2_7"
"517","Cntr_ROCKi_Actin_Myosin_Cov1_002.nd2_43"
"518","Rep2_Cntr_RDX_Cov1_004.nd2_28"
"519","Rep2_ROCKi_MSN_Cov2_003.nd2_12"
"520","Cntr_ROCKi_Actin_Myosin_Cov2_004.nd2_35"
"521","ROCKi_Actin_Myosin_Cov1_003.nd2_20"
"522","ROCKi_Actin_Myosin_Rep2_Cov1_001.nd2_4"
"523","Rep2_Cntr_RDX_Cov1_001.nd2_1"
"524","Rep1_Cntr_MSN_Cov1_004.nd2_39"
"525","ROCKi_Actin_Myosin_Rep2_Cov1_003.nd2_4"
"526","Rep3_Cntr_EZR_Cov2_004.nd2_33"
"527","ROCKi_Actin_Myosin_Rep2_Cov2_003.nd2_10"
"528","Rep3_ROCKi_RDX_Cov1_002.nd2_28"
"529","Rep1_Cntr_RDX_Cov2_002.nd2_21"
"530","Cntr_ROCKi_Actin_Myosin_Cov2_003.nd2_24"
"531","Rep1_Cntr_Ezr_001.nd2_41"
"532","Rep2_Cnt_MSN_Cov1_008.nd2_14"
"533","Cntr_ROCKi_Actin_Myosin_Rep2_Cov2_005.nd2_26"
"534","ROCKi_Actin MYosin_Rep3_Cov_005.nd2_3"
"535","Cntr_ROCKi_Actin MYosin_Rep3_Cov2_003.nd2_7"
"536","Cntr_ROCKi_Actin MYosin_Rep3_Cov1_005.nd2_7"
"537","Rep2_Cnt_Ezr_Cov1_006.nd2_40"
"538","Cntr_ROCKi_Actin MYosin_Rep3_Cov1_005.nd2_15"
"539","ROCKi_Actin_Myosin_Rep2_Cov2_005.nd2_1"
"540","Cntr_ROCKi_Actin MYosin_Rep3_Cov2_004.nd2_61"
"541","Cntr_ROCKi_Actin MYosin_Rep3_Cov2_005.nd2_33"
"542","Cntr_ROCKi_Actin_Myosin_Rep2_Cov2_001.nd2_25"
"543","Rep2_Cntr_MSN_Cov2_001.nd2_36"
"544","Rep1_Cntr_RDX_Cov1_007.nd2_10"
"545","Rep2_ROCKi_RDX_Cov2_004.nd2_1"
"546","Cntr_ROCKi_Actin_Myosin_Rep2_Cov2_005.nd2_13"
"547","Rep2_Cnt_Ezr_Cov2_001.nd2_37"
"548","Cntr_ROCKi_Actin MYosin_Rep3_Cov2_004.nd2_14"
"549","ROCKi_Actin_Myosin_Rep2_Cov2_003.nd2_5"
"550","Rep1_Cntr_RDX_Cov1_005.nd2_41"
"551","Cntr_ROCKi_Actin MYosin_Rep3_Cov2_003.nd2_40"
"552","Cntr_ROCKi_Actin_Myosin_Cov2_001.nd2_18"
"553","Cntr_ROCKi_Actin MYosin_Rep3_Cov2_004.nd2_47"
"554","Rep1_ROCKi_MSN_Cov2_008.nd2_12"
"555","Rep3_Cntr_RDX_Cov1_003.nd2_42"
"556","Rep2_ROCKi_MSN_Cov2_002.nd2_27"
"557","Cntr_ROCKi_Actin MYosin_Rep3_Cov2_004.nd2_18"
"558","Rep2_ROCKi_MSN_Cov1_001.nd2_24"
"559","ROCKi_Actin_Myosin_Cov1_003.nd2_40"
"560","Cntr_ROCKi_Actin MYosin_Rep3_Cov2_001.nd2_35"
"561","ROCKi_Actin MYosin_Rep3_Cov_003.nd2_17"
"562","ROCKi_Actin MYosin_Rep3_Cov_005.nd2_4"
"563","Cntr_ROCKi_Actin_Myosin_Cov1_004.nd2_27"
"564","Rep1_Cntr_MSN_Cov1_001.nd2_1"
"565","Cntr_ROCKi_Actin_Myosin_Cov1_002.nd2_40"
"566","ROCKi_Actin_Myosin_Rep2_Cov1_001.nd2_23"
"567","Cntr_ROCKi_Actin MYosin_Rep3_Cov2_005.nd2_38"
"568","ROCKi_Actin_Myosin_Rep2_Cov1_001.nd2_8"
"569","Cntr_ROCKi_Actin_Myosin_Rep2_Cov1_003.nd2_3"
"570","ROCKi_Actin_Myosin_Cov2_001.nd2_6"
"571","Rep1_ROCKi_MSN_Cov1_001.nd2_25"
"572","Rep1_Rocki_Ezr_Cov2_006.nd2_22"
"573","ROCKi_Actin_Myosin_Cov2_003.nd2_13"
"574","Cntr_ROCKi_Actin MYosin_Rep3_Cov1_001.nd2_53"
"575","Rep2_ROCKi_Ezr_Cov2_003.nd2_3"
"576","Cntr_ROCKi_Actin_Myosin_Rep2_Cov1_001.nd2_12"
"577","Cntr_ROCKi_Actin MYosin_Rep3_Cov2_005.nd2_13"
"578","Cntr_ROCKi_Actin_Myosin_Rep2_Cov1_002.nd2_15"
"579","Rep2_Cnt_MSN_Cov1_007.nd2_22"
"580","ROCKi_Actin_Myosin_Cov1_002.nd2_16"
"581","Cntr_ROCKi_Actin_Myosin_Rep2_Cov2_005.nd2_6"
"582","Cntr_ROCKi_Actin_Myosin_Cov2_003.nd2_5"
"583","Rep2_ROCKi_Ezr_Cov1_001.nd2_12"
"584","Rep3_ROCKi_MSN_Cov2_005.nd2_52"
"585","Rep3_ROCKi_EZR_Cov1_001.nd2_30"
"586","ROCKi_Actin MYosin_Rep3_Cov2_002.nd2_9"
"587","Rep1_Cntr_Ezr_Cov2_004.nd2_28"
"588","Cntr_ROCKi_Actin_Myosin_Cov2_005.nd2_29"
"589","Cntr_ROCKi_Actin_Myosin_Rep2_Cov2_003.nd2_39"
"590","Rep2_ROCKi_MSN_Cov2_001.nd2_32"
"591","Rep3_ROCKi_MSN_Cov1_001.nd2_31"
"592","Rep1_ROCKi_RDX_Cov1_004.nd2_13"
"593","Cntr_ROCKi_Actin_Myosin_Cov2_004.nd2_14"
"594","ROCKi_Actin_Myosin_Rep2_Cov2_004.nd2_7"
"595","ROCKi_Actin_Myosin_Rep2_Cov1_002.nd2_8"
"596","Cntr_ROCKi_Actin_Myosin_Rep2_Cov2_001.nd2_28"
"597","Cntr_ROCKi_Actin_Myosin_Cov1_003.nd2_18"
"598","ROCKi_Actin MYosin_Rep3_Cov2_004.nd2_15"
"599","Cntr_ROCKi_Actin MYosin_Rep3_Cov2_001.nd2_29"
"600","Cntr_ROCKi_Actin MYosin_Rep3_Cov2_004.nd2_3"
"601","ROCKi_Actin MYosin_Rep3_Cov2_005.nd2_20"
"602","Rep1_Cntr_RDX_Cov2_008.nd2_28"
"603","Rep2_Cnt_Ezr_Cov1_002.nd2_33"
"604","Rep3_ROCKi_MSN_Cov1_003.nd2_3"
"605","ROCKi_Actin_Myosin_Cov2_001.nd2_25"
"606","Rep1_Cntr_Ezr_Cov2_005.nd2_37"
"607","ROCKi_Actin_Myosin_Rep2_Cov2_004.nd2_3"
"608","Rep1_Cntr_MSN_Cov2_001.nd2_51"
"609","Cntr_ROCKi_Actin_Myosin_Rep2_Cov2_003.nd2_33"
"610","Cntr_ROCKi_Actin_Myosin_Rep2_Cov2_001.nd2_29"
"611","Rep3_Cntr_EZR_Cov1_003.nd2_36"
"612","Rep2_ROCKi_MSN_Cov2_008.nd2_24"
"613","Rep2_ROCKi_RDX_Cov2_007.nd2_36"
"614","ROCKi_Actin_Myosin_Rep2_Cov2_004.nd2_32"
"615","Rep2_Cnt_Ezr_Cov1_006.nd2_32"
"616","Rep3_Cntr_RDX_Cov2_005.nd2_56"
"617","Rep1_Cntr_RDX_Cov1_001.nd2_9"
"618","ROCKi_Actin_Myosin_Cov2_005.nd2_11"
"619","Cntr_ROCKi_Actin MYosin_Rep3_Cov1_002.nd2_31"
"620","Cntr_ROCKi_Actin_Myosin_Cov1_002.nd2_6"
"621","Cntr_ROCKi_Actin_Myosin_Cov2_005.nd2_19"
"622","Rep3_ROCKi_MSN_Cov2_005.nd2_33"
"623","ROCKi_Actin_Myosin_Rep2_Cov1_003.nd2_10"
"624","ROCKi_Actin_Myosin_Rep2_Cov1_001.nd2_25"
"625","Cntr_ROCKi_Actin MYosin_Rep3_Cov1_001.nd2_55"
"626","Cntr_ROCKi_Actin MYosin_Rep3_Cov1_001.nd2_54"
"627","Cntr_ROCKi_Actin MYosin_Rep3_Cov1_001.nd2_6"
"628","ROCKi_Actin MYosin_Rep3_Cov_005.nd2_5"
"629","Rep3_ROCKi_MSN_Cov1_005.nd2_36"
"630","Cntr_ROCKi_Actin_Myosin_Cov1_004.nd2_22"
"631","Rep2_ROCKi_Ezr_Cov1_001.nd2_15"
"632","ROCKi_Actin MYosin_Rep3_Cov2_001.nd2_7"
"633","Rep3_ROCKi_MSN_Cov1_004.nd2_28"
"634","Rep1_ROCKi_MSN_Cov1_001.nd2_32"
"635","Cntr_ROCKi_Actin MYosin_Rep3_Cov1_003.nd2_10"
"636","Cntr_ROCKi_Actin MYosin_Rep3_Cov1_005.nd2_19"
"637","Rep1_Cntr_RDX_Cov2_007.nd2_54"
"638","Rep2_ROCKi_Ezr_Cov1_005.nd2_16"
"639","ROCKi_Actin MYosin_Rep3_Cov_004.nd2_27"
"640","Cntr_ROCKi_Actin_Myosin_Rep2_Cov2_004.nd2_42"
"641","Rep2_Cnt_Ezr_Cov1_006.nd2_30"
"642","ROCKi_Actin MYosin_Rep3_Cov2_006.nd2_12"
"643","ROCKi_Actin_Myosin_Cov2_003.nd2_26"
"644","ROCKi_Actin_Myosin_Rep2_Cov1_003.nd2_21"
"645","Cntr_ROCKi_Actin_Myosin_Cov2_005.nd2_13"
"646","Cntr_ROCKi_Actin_Myosin_Rep2_Cov1_005.nd2_32"
"647","Cntr_ROCKi_Actin_Myosin_Rep2_Cov2_001.nd2_22"
"648","Cntr_ROCKi_Actin_Myosin_Rep2_Cov1_002.nd2_24"
"649","Rep2_ROCKi_Ezr_Cov1_001.nd2_32"
"650","Rep1_ROCKi_MSN_Cov2_007.nd2_1"
"651","Cntr_ROCKi_Actin_Myosin_Cov2_003.nd2_36"
"652","ROCKi_Actin_Myosin_Cov2_001.nd2_5"
"653","Cntr_ROCKi_Actin_Myosin_Rep2_Cov1_004.nd2_38"
"654","Rep3_Cntr_MSN_Cov1_004.nd2_30"
"655","ROCKi_Actin MYosin_Rep3_Cov2_002.nd2_17"
"656","ROCKi_Actin_Myosin_Rep2_Cov1_001.nd2_2"
"657","ROCKi_Actin MYosin_Rep3_Cov2_005.nd2_7"
"658","ROCKi_Actin_Myosin_Cov1_005.nd2_16"
"659","ROCKi_Actin_Myosin_Rep2_Cov1_001.nd2_12"
"660","ROCKi_Actin_Myosin_Rep2_Cov1_002.nd2_35"
"661","Cntr_ROCKi_Actin MYosin_Rep3_Cov1_003.nd2_12"
"662","ROCKi_Actin_Myosin_Cov2_002.nd2_13"
"663","Rep2_ROCKi_Ezr_Cov1_005.nd2_1"
"664","Cntr_ROCKi_Actin_Myosin_Rep2_Cov2_002.nd2_39"
"665","Cntr_ROCKi_Actin_Myosin_Rep2_Cov2_002.nd2_37"
"666","ROCKi_Actin_Myosin_Rep2_Cov2_002.nd2_24"
"667","ROCKi_Actin MYosin_Rep3_Cov_004.nd2_20"
"668","Rep3_ROCKi_MSN_Cov1_005.nd2_38"
"669","Rep2_ROCKi_Ezr_Cov1_002.nd2_38"
"670","Cntr_ROCKi_Actin_Myosin_Rep2_Cov1_003.nd2_27"
"671","Cntr_ROCKi_Actin MYosin_Rep3_Cov1_002.nd2_14"
"672","Rep1_Cntr_Ezr_Cov2_005.nd2_5"
"673","Cntr_ROCKi_Actin_Myosin_Cov2_003.nd2_35"
"674","Rep1_Cntr_MSN_Cov2_002.nd2_43"
"675","ROCKi_Actin_Myosin_Cov1_006.nd2_7"
"676","ROCKi_Actin MYosin_Rep3_Cov_003.nd2_20"
"677","Cntr_ROCKi_Actin_Myosin_Cov2_005.nd2_21"
"678","Rep1_ROCKi_RDX_Cov1_007.nd2_10"
"679","Cntr_ROCKi_Actin_Myosin_Rep2_Cov1_002.nd2_4"
"680","Cntr_ROCKi_Actin_Myosin_Rep2_Cov2_003.nd2_54"
"681","Cntr_ROCKi_Actin_Myosin_Rep2_Cov2_005.nd2_20"
"682","Rep3_ROCKi_RDX_Cov2_004.nd2_8"
"683","Rep3_ROCKi_MSN_Cov2_003.nd2_27"
"684","Cntr_ROCKi_Actin MYosin_Rep3_Cov2_001.nd2_27"
"685","Rep3_ROCKi_EZR_Cov1_006.nd2_30"
"686","Cntr_ROCKi_Actin_Myosin_Rep2_Cov2_004.nd2_9"
"687","Cntr_ROCKi_Actin_Myosin_Rep2_Cov2_002.nd2_13"
"688","Cntr_ROCKi_Actin_Myosin_Cov2_005.nd2_1"
"689","ROCKi_Actin_Myosin_Rep2_Cov2_001.nd2_4"
"690","Rep3_Cntr_EZR_Cov2_002.nd2_2"
"691","Cntr_ROCKi_Actin_Myosin_Rep2_Cov1_003.nd2_11"
"692","Cntr_ROCKi_Actin_Myosin_Cov1_001.nd2_28"
"693","Rep1_Cntr_MSN_Cov1_005.nd2_29"
"694","ROCKi_Actin MYosin_Rep3_Cov_005.nd2_24"
"695","Cntr_ROCKi_Actin MYosin_Rep3_Cov2_004.nd2_31"
"696","Cntr_ROCKi_Actin_Myosin_Rep2_Cov2_004.nd2_7"
"697","Rep3_ROCKi_RDX_Cov1_004.nd2_14"
"698","Cntr_ROCKi_Actin MYosin_Rep3_Cov1_002.nd2_4"
"699","Rep1_Cntr_RDX_Cov1_005.nd2_28"
"700","Rep2_ROCKi_Ezr_Cov1_002.nd2_15"
"701","Cntr_ROCKi_Actin MYosin_Rep3_Cov2_005.nd2_1"
"702","Cntr_ROCKi_Actin_Myosin_Cov2_002.nd2_4"
"703","ROCKi_Actin_Myosin_Rep2_Cov1_005.nd2_39"
"704","Rep2_ROCKi_MSN_Cov1_006.nd2_4"
"705","ROCKi_Actin_Myosin_Rep2_Cov1_004.nd2_27"
"706","ROCKi_Actin MYosin_Rep3_Cov2_001.nd2_19"
"707","ROCKi_Actin MYosin_Rep3_Cov_005.nd2_2"
"708","Rep1_Cntr_RDX_Cov1_004.nd2_36"
"709","ROCKi_Actin_Myosin_Rep2_Cov2_003.nd2_18"
"710","ROCKi_Actin_Myosin_Cov1_002.nd2_2"
"711","Cntr_ROCKi_Actin_Myosin_Cov2_003.nd2_26"
"712","Rep3_Cntr_EZR_Cov1_003.nd2_20"
"713","ROCKi_Actin MYosin_Rep3_Cov2_005.nd2_4"
"714","Rep2_ROCKi_Ezr_Cov2_007.nd2_31"
"715","Cntr_ROCKi_Actin_Myosin_Cov1_002.nd2_2"
"716","Rep3_ROCKi_EZR_Cov1_001.nd2_2"
"717","Rep1_Cntr_Ezr_Cov2_004.nd2_29"
"718","ROCKi_Actin MYosin_Rep3_Cov_002.nd2_28"
"719","Rep1_Rocki_Ezr_Cov1_004.nd2_25"
"720","Cntr_ROCKi_Actin_Myosin_Rep2_Cov2_002.nd2_5"
"721","ROCKi_Actin MYosin_Rep3_Cov_002.nd2_21"
"722","Rep1_Cntr_RDX_Cov1_001.nd2_21"
"723","Cntr_ROCKi_Actin_Myosin_Cov1_003.nd2_21"
"724","Cntr_ROCKi_Actin_Myosin_Rep2_Cov1_002.nd2_7"
"725","ROCKi_Actin MYosin_Rep3_Cov_004.nd2_25"
"726","Cntr_ROCKi_Actin MYosin_Rep3_Cov1_001.nd2_26"
"727","ROCKi_Actin_Myosin_Cov1_005.nd2_29"
"728","ROCKi_Actin MYosin_Rep3_Cov2_002.nd2_5"
"729","Rep2_ROCKi_MSN_Cov1_004.nd2_3"
"730","Cntr_ROCKi_Actin_Myosin_Rep2_Cov1_001.nd2_3"
"731","ROCKi_Actin MYosin_Rep3_Cov2_005.nd2_3"
"732","Cntr_ROCKi_Actin_Myosin_Cov1_005.nd2_27"
"733","ROCKi_Actin_Myosin_Rep2_Cov1_002.nd2_30"
"734","Cntr_ROCKi_Actin MYosin_Rep3_Cov2_005.nd2_6"
"735","ROCKi_Actin_Myosin_Cov2_001.nd2_18"
"736","Rep2_Cnt_Ezr_Cov1_006.nd2_48"
"737","Cntr_ROCKi_Actin MYosin_Rep3_Cov2_003.nd2_31"
"738","ROCKi_Actin_Myosin_Cov1_002.nd2_15"
"739","Rep1_Rocki_Ezr_Cov1_006.nd2_22"
"740","Cntr_ROCKi_Actin_Myosin_Rep2_Cov2_001.nd2_30"
"741","Rep1_Cntr_MSN_Cov2_001.nd2_40"
"742","ROCKi_Actin_Myosin_Rep2_Cov1_004.nd2_24"
"743","Rep2_Cnt_Ezr_Cov1_005.nd2_39"
"744","Cntr_ROCKi_Actin_Myosin_Rep2_Cov1_003.nd2_22"
"745","Cntr_ROCKi_Actin_Myosin_Cov1_001.nd2_6"
"746","ROCKi_Actin MYosin_Rep3_Cov2_001.nd2_5"
"747","Cntr_ROCKi_Actin_Myosin_Cov1_001.nd2_7"
"748","Rep1_ROCKi_RDX_Cov1_003.nd2_22"
"749","ROCKi_Actin MYosin_Rep3_Cov2_006.nd2_21"
"750","ROCKi_Actin_Myosin_Rep2_Cov2_004.nd2_30"
"751","Rep2_Cntr_RDX_Cov1_005.nd2_27"
"752","Rep2_Cnt_Ezr_Cov2_005.nd2_27"
"753","Rep2_ROCKi_RDX_Cov2_007.nd2_30"
"754","Rep2_Cnt_Ezr_Cov2_006.nd2_33"
"755","Rep2_ROCKi_MSN_Cov1_007.nd2_29"
"756","Cntr_ROCKi_Actin_Myosin_Rep2_Cov1_001.nd2_9"
"757","Rep1_Rocki_Ezr_Cov1_002.nd2_1"
"758","Cntr_ROCKi_Actin MYosin_Rep3_Cov2_005.nd2_1"
"759","Cntr_ROCKi_Actin MYosin_Rep3_Cov1_002.nd2_21"
"760","Rep1_ROCKi_MSN_Cov2_003.nd2_9"
"761","ROCKi_Actin_Myosin_Cov1_003.nd2_23"
"762","Rep1_Rocki_Ezr_Cov1_005.nd2_20"
"763","ROCKi_Actin_Myosin_Rep2_Cov1_001.nd2_16"
"764","Cntr_ROCKi_Actin_Myosin_Rep2_Cov2_005.nd2_5"
"765","Rep1_Cntr_Ezr_004.nd2_16"
"766","Cntr_ROCKi_Actin MYosin_Rep3_Cov2_004.nd2_52"
"767","ROCKi_Actin MYosin_Rep3_Cov2_006.nd2_1"
"768","ROCKi_Actin_Myosin_Cov2_002.nd2_14"
"769","Cntr_ROCKi_Actin MYosin_Rep3_Cov1_002.nd2_32"
"770","ROCKi_Actin MYosin_Rep3_Cov_005.nd2_19"
"771","Rep2_Cnt_Ezr_Cov1_003.nd2_45"
"772","Cntr_ROCKi_Actin_Myosin_Rep2_Cov1_002.nd2_16"
"773","Rep2_ROCKi_RDX_Cov1_001.nd2_16"
"774","ROCKi_Actin MYosin_Rep3_Cov_003.nd2_14"
"775","ROCKi_Actin_Myosin_Rep2_Cov2_006.nd2_24"
"776","Cntr_ROCKi_Actin MYosin_Rep3_Cov1_004.nd2_20"
"777","ROCKi_Actin_Myosin_Cov1_002.nd2_11"
"778","ROCKi_Actin_Myosin_Cov2_003.nd2_33"
"779","ROCKi_Actin MYosin_Rep3_Cov2_003.nd2_12"
"780","Rep3_Cntr_MSN_Cov2_004.nd2_1"
"781","Rep3_Cntr_EZR_Cov1_004.nd2_40"
"782","Rep2_Cntr_RDX_Cov1_003.nd2_46"
"783","Cntr_ROCKi_Actin_Myosin_Cov1_002.nd2_46"
"784","Rep1_ROCKi_RDX_Cov1_008.nd2_3"
"785","Rep1_Rocki_Ezr_Cov1_002.nd2_31"
"786","Cntr_ROCKi_Actin_Myosin_Cov2_002.nd2_19"
"787","ROCKi_Actin_Myosin_Rep2_Cov2_005.nd2_6"
"788","Rep2_Cntr_RDX_Cov1_001.nd2_8"
"789","Rep3_Cntr_EZR_Cov2_003.nd2_6"
"790","ROCKi_Actin_Myosin_Cov1_002.nd2_27"
"791","ROCKi_Actin_Myosin_Cov1_006.nd2_19"
"792","Cntr_ROCKi_Actin MYosin_Rep3_Cov1_004.nd2_24"
"793","ROCKi_Actin_Myosin_Cov1_003.nd2_3"
"794","Rep2_Cnt_MSN_Cov1_001.nd2_33"
"795","Rep1_Cntr_MSN_Cov2_005.nd2_29"
"796","ROCKi_Actin_Myosin_Rep2_Cov1_002.nd2_10"
"797","Rep2_ROCKi_RDX_Cov2_007.nd2_14"
"798","ROCKi_Actin MYosin_Rep3_Cov_001.nd2_33"
"799","ROCKi_Actin_Myosin_Cov2_005.nd2_17"
"800","Cntr_ROCKi_Actin MYosin_Rep3_Cov2_001.nd2_30"
"801","ROCKi_Actin MYosin_Rep3_Cov2_004.nd2_4"
"802","ROCKi_Actin_Myosin_Cov1_006.nd2_10"
"803","ROCKi_Actin MYosin_Rep3_Cov2_002.nd2_25"
"804","Cntr_ROCKi_Actin_Myosin_Rep2_Cov2_003.nd2_35"
"805","ROCKi_Actin_Myosin_Rep2_Cov2_001.nd2_1"
"806","ROCKi_Actin_Myosin_Cov1_003.nd2_25"
"807","Rep1_Cntr_Ezr_006.nd2_7"
"808","Rep2_ROCKi_MSN_Cov1_002.nd2_5"
"809","Rep3_Cntr_MSN_Cov1_005.nd2_4"
"810","ROCKi_Actin_Myosin_Rep2_Cov2_006.nd2_10"
"811","ROCKi_Actin_Myosin_Cov2_004.nd2_30"
"812","Cntr_ROCKi_Actin MYosin_Rep3_Cov2_002.nd2_45"
"813","ROCKi_Actin MYosin_Rep3_Cov_001.nd2_37"
"814","Cntr_ROCKi_Actin_Myosin_Cov2_004.nd2_4"
"815","Rep1_Cntr_MSN_Cov1_002.nd2_17"
"816","Cntr_ROCKi_Actin MYosin_Rep3_Cov2_004.nd2_59"
"817","Cntr_ROCKi_Actin MYosin_Rep3_Cov2_003.nd2_47"
"818","ROCKi_Actin_Myosin_Rep2_Cov2_001.nd2_15"
"819","Cntr_ROCKi_Actin MYosin_Rep3_Cov2_002.nd2_3"
"820","Rep3_ROCKi_EZR_Cov1_005.nd2_9"
"821","ROCKi_Actin_Myosin_Cov1_006.nd2_23"
"822","Cntr_ROCKi_Actin MYosin_Rep3_Cov1_002.nd2_9"
"823","ROCKi_Actin_Myosin_Cov2_002.nd2_21"
"824","ROCKi_Actin_Myosin_Cov1_002.nd2_21"
"825","Cntr_ROCKi_Actin MYosin_Rep3_Cov1_005.nd2_9"
"826","Cntr_ROCKi_Actin MYosin_Rep3_Cov1_004.nd2_9"
"827","Rep2_ROCKi_RDX_Cov2_004.nd2_35"
"828","ROCKi_Actin_Myosin_Cov1_005.nd2_28"
"829","Cntr_ROCKi_Actin_Myosin_Cov1_005.nd2_15"
"830","ROCKi_Actin_Myosin_Rep2_Cov1_002.nd2_4"
"831","ROCKi_Actin_Myosin_Cov1_006.nd2_1"
"832","Rep2_Cnt_MSN_Cov1_004.nd2_18"
"833","ROCKi_Actin_Myosin_Cov2_003.nd2_4"
"834","Rep2_ROCKi_Ezr_Cov2_001.nd2_29"
"835","Rep3_Cntr_RDX_Cov2_003.nd2_50"
"836","Rep2_Cntr_MSN_Cov2_002.nd2_33"
"837","ROCKi_Actin_Myosin_Rep2_Cov2_006.nd2_25"
"838","Cntr_ROCKi_Actin_Myosin_Rep2_Cov2_001.nd2_14"
"839","Cntr_ROCKi_Actin MYosin_Rep3_Cov1_004.nd2_2"
"840","ROCKi_Actin_Myosin_Cov1_003.nd2_32"
"841","Rep2_ROCKi_MSN_Cov1_007.nd2_34"
"842","Cntr_ROCKi_Actin MYosin_Rep3_Cov1_002.nd2_59"
"843","ROCKi_Actin MYosin_Rep3_Cov_002.nd2_24"
"844","ROCKi_Actin_Myosin_Rep2_Cov2_004.nd2_19"
"845","Rep1_ROCKi_RDX_Cov2_008.nd2_25"
"846","Rep1_ROCKi_MSN_Cov2_007.nd2_39"
"847","Rep2_ROCKi_MSN_Cov1_004.nd2_8"
"848","ROCKi_Actin_Myosin_Cov2_005.nd2_35"
"849","ROCKi_Actin_Myosin_Cov1_005.nd2_36"
"850","Rep2_ROCKi_Ezr_Cov2_005.nd2_22"
"851","ROCKi_Actin_Myosin_Rep2_Cov1_002.nd2_15"
"852","Rep1_Cntr_RDX_Cov1_007.nd2_11"
"853","Rep2_ROCKi_Ezr_Cov1_002.nd2_4"
"854","ROCKi_Actin_Myosin_Cov1_001.nd2_15"
"855","ROCKi_Actin_Myosin_Cov2_003.nd2_19"
"856","Rep2_ROCKi_MSN_Cov2_008.nd2_29"
"857","Cntr_ROCKi_Actin_Myosin_Rep2_Cov2_001.nd2_4"
"858","Rep3_Cntr_MSN_Cov1_005.nd2_40"
"859","ROCKi_Actin_Myosin_Cov2_004.nd2_11"
"860","Rep2_Cntr_RDX_Cov1_003.nd2_20"
"861","Rep3_Cntr_MSN_Cov2_004.nd2_13"
"862","ROCKi_Actin MYosin_Rep3_Cov_004.nd2_13"
"863","ROCKi_Actin MYosin_Rep3_Cov_001.nd2_5"
"864","ROCKi_Actin_Myosin_Rep2_Cov2_004.nd2_8"
"865","Rep2_Cnt_MSN_Cov1_001.nd2_30"
"866","Cntr_ROCKi_Actin MYosin_Rep3_Cov1_002.nd2_42"
"867","Cntr_ROCKi_Actin_Myosin_Rep2_Cov1_002.nd2_36"
"868","ROCKi_Actin MYosin_Rep3_Cov_003.nd2_9"
"869","Rep3_ROCKi_MSN_Cov2_001.nd2_20"
"870","Rep1_Cntr_Ezr_005.nd2_3"
"871","Cntr_ROCKi_Actin MYosin_Rep3_Cov2_002.nd2_36"
"872","Rep1_Rocki_Ezr_Cov1_005.nd2_31"
"873","Cntr_ROCKi_Actin_Myosin_Cov2_005.nd2_38"
"874","ROCKi_Actin_Myosin_Cov2_003.nd2_21"
"875","ROCKi_Actin MYosin_Rep3_Cov2_004.nd2_17"
"876","Rep3_Cntr_MSN_Cov1_001.nd2_22"
"877","ROCKi_Actin_Myosin_Cov2_001.nd2_35"
"878","Cntr_ROCKi_Actin MYosin_Rep3_Cov2_001.nd2_17"
"879","Cntr_ROCKi_Actin_Myosin_Cov2_004.nd2_37"
"880","Cntr_ROCKi_Actin MYosin_Rep3_Cov1_002.nd2_56"
"881","Rep1_Cntr_MSN_Cov2_002.nd2_6"
"882","Cntr_ROCKi_Actin_Myosin_Rep2_Cov1_004.nd2_41"
"883","Cntr_ROCKi_Actin_Myosin_Rep2_Cov2_003.nd2_17"
"884","ROCKi_Actin MYosin_Rep3_Cov2_002.nd2_11"
"885","ROCKi_Actin_Myosin_Cov2_004.nd2_17"
"886","Cntr_ROCKi_Actin_Myosin_Rep2_Cov1_004.nd2_40"
"887","ROCKi_Actin MYosin_Rep3_Cov2_004.nd2_24"
"888","Rep1_Cntr_Ezr_002.nd2_7"
"889","Cntr_ROCKi_Actin_Myosin_Rep2_Cov2_005.nd2_14"
"890","Rep1_Cntr_MSN_Cov1_004.nd2_49"
"891","Cntr_ROCKi_Actin_Myosin_Cov2_003.nd2_32"
"892","Cntr_ROCKi_Actin_Myosin_Cov2_001.nd2_28"
"893","ROCKi_Actin_Myosin_Cov1_002.nd2_43"
"894","ROCKi_Actin MYosin_Rep3_Cov_005.nd2_29"
"895","Rep1_Cntr_MSN_Cov1_001.nd2_27"
"896","Rep2_Cntr_MSN_Cov2_002.nd2_12"
"897","Rep1_Cntr_MSN_Cov2_001.nd2_26"
"898","ROCKi_Actin_Myosin_Cov1_002.nd2_12"
"899","Cntr_ROCKi_Actin_Myosin_Cov2_005.nd2_11"
"900","Rep3_Cntr_EZR_Cov2_005.nd2_16"
"901","Cntr_ROCKi_Actin_Myosin_Cov1_001.nd2_22"
"902","ROCKi_Actin_Myosin_Rep2_Cov2_004.nd2_18"
"903","Cntr_ROCKi_Actin_Myosin_Rep2_Cov2_003.nd2_11"
"904","Rep2_ROCKi_MSN_Cov2_005.nd2_2"
"905","Cntr_ROCKi_Actin_Myosin_Cov1_005.nd2_19"
"906","ROCKi_Actin_Myosin_Cov1_003.nd2_16"
"907","ROCKi_Actin MYosin_Rep3_Cov_004.nd2_32"
"908","ROCKi_Actin MYosin_Rep3_Cov_005.nd2_8"
"909","Rep2_Cntr_MSN_Cov2_003.nd2_13"
"910","Rep3_Cntr_MSN_Cov2_003.nd2_41"
"911","Rep2_Cntr_MSN_Cov2_002.nd2_20"
"912","Rep1_Cntr_Ezr_Cov2_005.nd2_19"
"913","Rep1_Cntr_Ezr_Cov2_002.nd2_23"
"914","ROCKi_Actin_Myosin_Cov1_001.nd2_23"
"915","Rep1_ROCKi_RDX_Cov1_002.nd2_18"
"916","Rep2_Cntr_RDX_Cov1_005.nd2_52"
"917","Rep3_ROCKi_EZR_Cov2_001.nd2_29"
"918","Rep2_Cnt_Ezr_Cov2_004.nd2_15"
"919","ROCKi_Actin_Myosin_Cov1_003.nd2_29"
"920","Rep2_Cnt_Ezr_Cov1_004.nd2_40"
"921","Cntr_ROCKi_Actin MYosin_Rep3_Cov2_005.nd2_30"
"922","ROCKi_Actin MYosin_Rep3_Cov_005.nd2_8"
"923","Cntr_ROCKi_Actin_Myosin_Cov1_003.nd2_3"
"924","Cntr_ROCKi_Actin_Myosin_Rep2_Cov1_003.nd2_13"
"925","Cntr_ROCKi_Actin_Myosin_Rep2_Cov1_003.nd2_23"
"926","Cntr_ROCKi_Actin MYosin_Rep3_Cov1_001.nd2_38"
"927","Cntr_ROCKi_Actin MYosin_Rep3_Cov1_005.nd2_6"
"928","Cntr_ROCKi_Actin_Myosin_Rep2_Cov1_001.nd2_35"
"929","ROCKi_Actin MYosin_Rep3_Cov_003.nd2_13"
"930","Cntr_ROCKi_Actin MYosin_Rep3_Cov2_002.nd2_29"
"931","Rep2_Cnt_MSN_Cov1_003.nd2_15"
"932","Cntr_ROCKi_Actin MYosin_Rep3_Cov1_005.nd2_6"
"933","Rep1_ROCKi_RDX_Cov2_001.nd2_33"
"934","Rep2_Cnt_Ezr_Cov1_004.nd2_3"
"935","ROCKi_Actin_Myosin_Rep2_Cov1_002.nd2_14"
"936","Rep3_ROCKi_RDX_Cov1_004.nd2_32"
"937","Rep3_ROCKi_EZR_Cov1_002.nd2_39"
"938","Rep2_ROCKi_RDX_Cov2_006.nd2_36"
"939","Rep2_Cntr_MSN_Cov2_003.nd2_13"
"940","Rep1_Cntr_Ezr_Cov2_005.nd2_19"
"941","Rep1_ROCKi_RDX_Cov2_001.nd2_33"
"942","Cntr_ROCKi_Actin_Myosin_Rep2_Cov2_001.nd2_21"
"943","ROCKi_Actin MYosin_Rep3_Cov_005.nd2_31"
"944","Rep1_Rocki_Ezr_Cov2_002.nd2_19"
"945","Rep3_ROCKi_RDX_Cov1_004.nd2_32"
"946","ROCKi_Actin_Myosin_Cov2_005.nd2_1"
"947","Rep1_Rocki_Ezr_Cov1_007.nd2_1"
"948","Rep3_Cntr_RDX_Cov2_002.nd2_11"
"949","Rep2_ROCKi_Ezr_Cov1_006.nd2_13"
"950","Cntr_ROCKi_Actin_Myosin_Cov1_003.nd2_15"
"951","Cntr_ROCKi_Actin_Myosin_Cov1_001.nd2_33"
"952","ROCKi_Actin MYosin_Rep3_Cov_004.nd2_5"
"953","Cntr_ROCKi_Actin_Myosin_Rep2_Cov2_004.nd2_27"
"954","ROCKi_Actin_Myosin_Rep2_Cov1_003.nd2_32"
"955","ROCKi_Actin_Myosin_Rep2_Cov1_004.nd2_5"
"956","Rep2_ROCKi_RDX_Cov1_004.nd2_22"
"957","ROCKi_Actin_Myosin_Rep2_Cov2_006.nd2_19"
"958","Cntr_ROCKi_Actin MYosin_Rep3_Cov2_004.nd2_51"
"959","Cntr_ROCKi_Actin MYosin_Rep3_Cov2_004.nd2_37"
"960","Cntr_ROCKi_Actin MYosin_Rep3_Cov2_003.nd2_26"
"961","Rep3_Cntr_EZR_Cov2_005.nd2_1"
"962","ROCKi_Actin_Myosin_Cov2_003.nd2_5"
"963","ROCKi_Actin_Myosin_Rep2_Cov1_003.nd2_32"
"964","ROCKi_Actin_Myosin_Cov1_001.nd2_19"
"965","ROCKi_Actin_Myosin_Rep2_Cov2_006.nd2_19"
"966","Rep2_Cnt_Ezr_Cov1_006.nd2_2"
"967","Cntr_ROCKi_Actin_Myosin_Cov1_002.nd2_26"
"968","Cntr_ROCKi_Actin_Myosin_Cov2_005.nd2_11"
"969","Cntr_ROCKi_Actin MYosin_Rep3_Cov2_002.nd2_21"
"970","ROCKi_Actin MYosin_Rep3_Cov_001.nd2_6"
"971","Rep3_ROCKi_MSN_Cov2_003.nd2_7"
"972","Cntr_ROCKi_Actin_Myosin_Cov1_003.nd2_15"
"973","Cntr_ROCKi_Actin_Myosin_Rep2_Cov1_002.nd2_31"
"974","ROCKi_Actin MYosin_Rep3_Cov_003.nd2_6"
"975","Rep2_ROCKi_MSN_Cov1_001.nd2_5"
"976","ROCKi_Actin MYosin_Rep3_Cov_001.nd2_20"
"977","Cntr_ROCKi_Actin MYosin_Rep3_Cov2_002.nd2_41"
"978","Cntr_ROCKi_Actin_Myosin_Rep2_Cov2_005.nd2_4"
"979","ROCKi_Actin_Myosin_Cov1_006.nd2_26"
"980","Rep1_Cntr_Ezr_Cov2_002.nd2_23"
"981","ROCKi_Actin MYosin_Rep3_Cov_005.nd2_31"
"982","ROCKi_Actin_Myosin_Cov1_006.nd2_29"
"983","ROCKi_Actin_Myosin_Cov1_004.nd2_16"
"984","Cntr_ROCKi_Actin MYosin_Rep3_Cov2_001.nd2_38"
"985","ROCKi_Actin_Myosin_Rep2_Cov2_005.nd2_24"
"986","Cntr_ROCKi_Actin_Myosin_Rep2_Cov2_003.nd2_21"
"987","Rep2_ROCKi_MSN_Cov1_004.nd2_4"
"988","Cntr_ROCKi_Actin MYosin_Rep3_Cov2_004.nd2_57"
"989","Cntr_ROCKi_Actin_Myosin_Cov1_001.nd2_3"
"990","ROCKi_Actin_Myosin_Cov1_004.nd2_1"
"991","Cntr_ROCKi_Actin MYosin_Rep3_Cov2_002.nd2_29"
"992","ROCKi_Actin MYosin_Rep3_Cov2_004.nd2_6"
"993","Cntr_ROCKi_Actin MYosin_Rep3_Cov1_002.nd2_6"
"994","Cntr_ROCKi_Actin_Myosin_Cov1_003.nd2_4"
"995","Cntr_ROCKi_Actin_Myosin_Rep2_Cov1_002.nd2_13"
"996","Cntr_ROCKi_Actin MYosin_Rep3_Cov2_004.nd2_56"
"997","Cntr_ROCKi_Actin MYosin_Rep3_Cov2_002.nd2_11"
"998","ROCKi_Actin MYosin_Rep3_Cov_003.nd2_13"
"999","Rep2_Cnt_Ezr_Cov2_007.nd2_40"
"1000","ROCKi_Actin_Myosin_Cov2_003.nd2_5"
"1001","Rep2_Cntr_MSN_Cov2_003.nd2_3"
"1002","Rep2_Cnt_MSN_Cov1_003.nd2_15"
"1003","Cntr_ROCKi_Actin_Myosin_Cov1_004.nd2_25"
"1004","Rep2_Cntr_RDX_Cov1_005.nd2_52"
"1005","ROCKi_Actin MYosin_Rep3_Cov2_002.nd2_21"
"1006","Rep1_Cntr_Ezr_002.nd2_39"
"1007","Cntr_ROCKi_Actin MYosin_Rep3_Cov2_002.nd2_11"
"1008","ROCKi_Actin_Myosin_Cov1_002.nd2_40"
"1009","Cntr_ROCKi_Actin_Myosin_Rep2_Cov2_002.nd2_16"
"1010","Rep3_ROCKi_RDX_Cov2_001.nd2_5"
"1011","Cntr_ROCKi_Actin MYosin_Rep3_Cov2_005.nd2_30"
"1012","Cntr_ROCKi_Actin_Myosin_Cov2_001.nd2_29"
"1013","Cntr_ROCKi_Actin MYosin_Rep3_Cov2_004.nd2_51"
"1014","ROCKi_Actin_Myosin_Cov2_005.nd2_1"
"1015","Rep3_ROCKi_RDX_Cov1_003.nd2_38"
"1016","Rep1_Cntr_MSN_Cov1_005.nd2_24"
"1017","Cntr_ROCKi_Actin_Myosin_Cov1_004.nd2_19"
"1018","Cntr_ROCKi_Actin_Myosin_Rep2_Cov2_005.nd2_4"
"1019","Cntr_ROCKi_Actin_Myosin_Cov2_001.nd2_11"
"1020","Cntr_ROCKi_Actin_Myosin_Cov2_002.nd2_13"
"1021","Rep1_Cntr_Ezr_010.nd2_2"
"1022","Rep1_ROCKi_RDX_Cov2_001.nd2_33"
"1023","ROCKi_Actin_Myosin_Cov1_001.nd2_23"
"1024","Cntr_ROCKi_Actin_Myosin_Rep2_Cov1_004.nd2_24"
"1025","Rep1_Cntr_MSN_Cov2_003.nd2_14"
"1026","Rep1_Rocki_Ezr_Cov1_007.nd2_1"
"1027","Rep3_ROCKi_EZR_Cov1_002.nd2_39"
"1028","Rep3_Cntr_EZR_Cov2_005.nd2_1"
"1029","Rep2_Cnt_Ezr_Cov2_007.nd2_40"
"1030","Rep2_ROCKi_MSN_Cov1_003.nd2_26"
"1031","Rep2_Cnt_MSN_Cov1_001.nd2_1"
"1032","Rep3_ROCKi_RDX_Cov2_001.nd2_5"
"1033","ROCKi_Actin MYosin_Rep3_Cov_003.nd2_6"
"1034","ROCKi_Actin MYosin_Rep3_Cov2_001.nd2_4"
"1035","Cntr_ROCKi_Actin_Myosin_Cov1_002.nd2_36"
"1036","Rep1_Cntr_Ezr_Cov2_006.nd2_25"
"1037","Cntr_ROCKi_Actin_Myosin_Rep2_Cov1_004.nd2_24"
"1038","Rep1_Cntr_Ezr_002.nd2_39"
"1039","Rep2_ROCKi_RDX_Cov2_006.nd2_36"
"1040","Cntr_ROCKi_Actin_Myosin_Rep2_Cov2_001.nd2_23"
"1041","ROCKi_Actin_Myosin_Rep2_Cov2_004.nd2_1"
"1042","ROCKi_Actin MYosin_Rep3_Cov2_004.nd2_6"
"1043","Rep1_ROCKi_MSN_Cov2_006.nd2_36"
"1044","Cntr_ROCKi_Actin_Myosin_Cov1_003.nd2_4"
